Timestamp,Pos_X,Pos_Y,Pos_Z,Rot_X,Rot_Y,Rot_Z,Rot_W,Obstacle_Dist
173145.316452708,-0.03757194057106972,-0.026907997205853462,0.06519443541765213,0,-0.6660420894622803,0,0.745914101600647,10
173145.3331285,0,0,0,-0.21945780515670776,-0.012324114330112934,-0.054697345942258835,0.9740095138549805,10
173145.349804291,0,0,0,-0.21945780515670776,-0.012324114330112934,-0.054697345942258835,0.9740095138549805,10
173145.366480166,0,0,0,-0.21945780515670776,-0.012324114330112934,-0.054697345942258835,0.9740095138549805,10
173145.383155666,0,0,0,-0.21905137598514557,-0.015156530775129795,-0.053923171013593674,0.9741042256355286,10
173145.399831583,0,0,0,-0.21698516607284546,-0.019810767844319344,-0.05193231254816055,0.9745911955833435,10
173145.41650725,0,0,0,-0.21628984808921814,-0.021925553679466248,-0.05015808716416359,0.9747933745384216,10
173145.433183166,0,0,0,-0.21661382913589478,-0.022150957956910133,-0.04957732930779457,0.97474604845047,10
173145.449858958,0,0,0,-0.21718120574951172,-0.02164851687848568,-0.0488610677421093,0.9746672511100769,10
173145.466534791,0,0,0,-0.21701288223266602,-0.02034158818423748,-0.04848027229309082,0.9747519493103027,10
173145.4832105,0,0,0,-0.21710455417633057,-0.019604874774813652,-0.04839175567030907,0.9747509956359863,10
173145.499886416,0,0,0,-0.2181648463010788,-0.018540743738412857,-0.04880336672067642,0.9745145440101624,10
173145.516562125,0,0,0,-0.2198181450366974,-0.018642347306013107,-0.049515027552843094,0.9741050601005554,10
173145.533238083,0,0,0,-0.21985264122486115,-0.019194765016436577,-0.04950324818491936,0.974087119102478,10
173145.549913708,0,0,0,-0.2182321846485138,-0.020530657842755318,-0.04853840544819832,0.9744728207588196,10
173145.583265166,0,0,0,-0.21408730745315552,-0.022596949711441994,-0.046919263899326324,0.9754253625869751,10
173145.599941125,0,0,0,-0.21233052015304565,-0.023816151544451714,-0.0468953400850296,0.9757814407348633,10
173145.616616833,0,0,0,-0.2111850082874298,-0.024012766778469086,-0.04789414256811142,0.9759766459465027,10
173145.63329275,0,0,0,-0.2113601416349411,-0.023581109941005707,-0.04829612746834755,0.9759294390678406,10
173145.649968416,0,0,0,-0.21142145991325378,-0.021975139155983925,-0.04835198074579239,0.9759508967399597,10
173145.666644291,0,0,0,-0.20957134664058685,-0.020282216370105743,-0.04680510610342026,0.9764618873596191,10
173145.683320041,0,0,0,-0.20807421207427979,-0.01974467933177948,-0.045690350234508514,0.9768458008766174,10
173145.699995958,0,0,0,-0.2044370472431183,-0.02004673331975937,-0.04331021383404732,0.9777156114578247,10
173145.716671541,0,0,0,-0.2012503445148468,-0.021450035274028778,-0.04217232018709183,0.978396475315094,10
173145.7333475,0,0,0,-0.20019672811031342,-0.022114723920822144,-0.041798513382673264,0.9786138534545898,10
173145.750023166,0,0,0,-0.19871269166469574,-0.022617466747760773,-0.040876246988773346,0.9789437651634216,10
173145.766699041,0,0,0,-0.19775782525539398,-0.022301943972706795,-0.04000518471002579,0.9791802763938904,10
173145.783374625,0,0,0,-0.1969785988330841,-0.022145183756947517,-0.039587121456861496,0.979357898235321,10
173145.800050583,0,0,0,-0.19447177648544312,-0.02246544137597084,-0.03874899074435234,0.9798849821090698,10
173145.816726208,0,0,0,-0.19084259867668152,-0.023978084325790405,-0.038304559886455536,0.9805799126625061,10
173145.833402166,0,0,0,-0.18841591477394104,-0.024987781420350075,-0.03827608376741409,0.981024980545044,10
173145.850077916,0,0,0,-0.18369360268115997,-0.027008773759007454,-0.03821263834834099,0.981869101524353,10
173145.866753666,0,0,0,-0.17994768917560577,-0.02875814028084278,-0.03827211633324623,0.9825106263160706,10
173145.883429458,0,0,0,-0.17843498289585114,-0.029519861564040184,-0.03836839273571968,0.9827600717544556,10
173145.900105291,0,0,0,-0.17677566409111023,-0.03087831288576126,-0.0390155129134655,0.9829927086830139,10
173145.916781,0,0,0,-0.1769406497478485,-0.0317794531583786,-0.04009343311190605,0.9828909039497375,10
173145.933457,0,0,0,-0.1769052892923355,-0.03199254348874092,-0.0406259186565876,0.982868492603302,10
173145.950132583,0,0,0,-0.17648887634277344,-0.031658340245485306,-0.0414571687579155,0.9829195141792297,10
173145.966808458,0,0,0,-0.1764436513185501,-0.030410850420594215,-0.04212641343474388,0.9829385280609131,10
173145.983484041,0,0,0,-0.17691625654697418,-0.02965458855032921,-0.042528823018074036,0.9828593134880066,10
173146.000160083,0,0,0,-0.17860087752342224,-0.02824174426496029,-0.043496400117874146,0.9825538992881775,10
173146.016835833,0,0,0,-0.18058891594409943,-0.02686086855828762,-0.04402134567499161,0.9822057485580444,10
173146.033511666,0,0,0,-0.18192245066165924,-0.026027893647551537,-0.043960679322481155,0.9819848537445068,10
173146.050187375,0,0,0,-0.18591947853565216,-0.023811623454093933,-0.04330320656299591,0.9813214540481567,10
173146.066863291,0,0,0,-0.19189752638339996,-0.020781224593520164,-0.042778536677360535,0.9802619218826294,10
173146.100214875,0,0,0,-0.19877973198890686,-0.01511707715690136,-0.043557059019804,0.9789590835571289,10
173146.116890458,0,0,0,-0.19690851867198944,-0.009784425608813763,-0.044718530029058456,0.979352593421936,10
173146.133566375,0,0,0,-0.19674339890480042,-0.006376283708959818,-0.04513081908226013,0.9793949723243713,10
173146.150242125,0,0,0,-0.19549977779388428,-0.0004130227316636592,-0.04585956037044525,0.9796308875083923,10
173146.166917916,0,0,0,-0.19285531342029572,0.0030107125639915466,-0.046824317425489426,0.9801046848297119,10
173146.183593583,0,0,0,-0.19123880565166473,0.0036094447132200003,-0.04744493588805199,0.9803895354270935,10
173146.200269541,0,0,0,-0.18818072974681854,0.0027584799099713564,-0.04850740730762482,0.9809318780899048,10
173146.216945166,0,0,0,-0.1813889741897583,-0.000396415067370981,-0.048196978867053986,0.9822295308113098,10
173146.25029675,0,0,0,-0.16930906474590302,-0.0033329029101878405,-0.046164631843566895,0.9844756126403809,10
173146.266972708,0,0,0,-0.16189730167388916,-0.004306801129132509,-0.044730931520462036,0.9857838749885559,10
173146.283648333,0,0,0,-0.1590241640806198,-0.005066590383648872,-0.044271551072597504,0.9862685203552246,10
173146.300324291,0,0,0,-0.15402601659297943,-0.0073903389275074005,-0.044341061264276505,0.9870436787605286,10
173146.316999916,0,0,0,-0.15009698271751404,-0.009517022408545017,-0.04477497562766075,0.9876109957695007,10
173146.333675791,0,0,0,-0.14788810908794403,-0.010317686945199966,-0.04480855539441109,0.9879346489906311,10
173146.350351541,0,0,0,-0.1421111524105072,-0.01380753144621849,-0.043511468917131424,0.9887974858283997,10
173146.367027458,0,0,0,-0.13543099164962769,-0.018771899864077568,-0.04098406061530113,0.9897607564926147,10
173146.383703166,0,0,0,-0.13308988511562347,-0.020247148349881172,-0.04023879021406174,0.9900797009468079,10
173146.400379125,0,0,0,-0.12863634526729584,-0.0222797729074955,-0.0398700088262558,0.9906395673751831,10
173146.417054625,0,0,0,-0.12564007937908173,-0.023733675479888916,-0.040757160633802414,0.9909541606903076,10
173146.433730625,0,0,0,-0.12479694932699203,-0.024336891248822212,-0.04134715348482132,0.9910216331481934,10
173146.45040625,0,0,0,-0.12447354197502136,-0.024803167209029198,-0.04213486984372139,0.9910175204277039,10
173146.467082166,0,0,0,-0.12297017872333527,-0.02481035143136978,-0.0419759601354599,0.9912117719650269,10
173146.483757708,0,0,0,-0.12108394503593445,-0.024927189573645592,-0.04149642959237099,0.9914611577987671,10
173146.50043375,0,0,0,-0.11657777428627014,-0.025507621467113495,-0.04019591957330704,0.9920399188995361,10
173146.517109416,0,0,0,-0.11448138952255249,-0.02605164796113968,-0.04055893048644066,0.9922551512718201,10
173146.533785416,-4.1055028821013195e-10,2.602068005508329e-10,6.497259952276124e-10,-0.10991150140762329,-0.02582804299890995,-0.04068832844495773,0.9927722811698914,10
173146.550461041,0.0005120858550071716,-0.0008857815992087126,0.0002539250999689102,-0.11127915233373642,-0.025713125243782997,-0.04187614843249321,0.9925734996795654,10
173146.567137,0.0008188845240511,-0.0019064953085035086,0.00037932832492515445,-0.1147296205163002,-0.02571406215429306,-0.042902130633592606,0.9921367168426514,10
173146.583812666,0.0009716727072373033,-0.0030431384220719337,0.00045948699698783457,-0.11895079910755157,-0.025896696373820305,-0.04363319277763367,0.9916028380393982,10
173146.600488583,0.0010811472311615944,-0.0041616191156208515,0.0005956003442406654,-0.12235269695520401,-0.02630218118429184,-0.04465551674365997,0.9911326169967651,10
173146.617164041,0.0012215236201882362,-0.005193766672164202,0.0008348217234015465,-0.12476836144924164,-0.02637545019388199,-0.04599957913160324,0.9907680153846741,10
173146.633840125,0.0014620432630181313,-0.006099605932831764,0.0012330571189522743,-0.1251985728740692,-0.02600983716547489,-0.04768642783164978,0.9906436204910278,10
173146.650515708,-0.0033732750453054905,-0.009945698082447052,0.0007301084697246552,-0.12817047536373138,-0.030142953619360924,-0.05433875322341919,0.9898035526275635,10
173146.667191625,-0.004721274133771658,-0.01155272126197815,0.0008183419704437256,-0.12638665735721588,-0.02950710617005825,-0.056408315896987915,0.9899362921714783,10
173146.68386725,-0.005081632640212774,-0.012496262788772583,0.0010768696665763855,-0.12567053735256195,-0.028817083686590195,-0.058199893683195114,0.9899441003799438,10
173146.700543166,-0.005249686539173126,-0.01325475424528122,0.0013389175292104483,-0.12620165944099426,-0.02799282595515251,-0.05932654067873955,0.9898332357406616,10
173146.717218916,-0.005344230215996504,-0.013872699812054634,0.0016113677993416786,-0.12702196836471558,-0.02704199030995369,-0.06027481332421303,0.9896974563598633,10
173146.733894833,-0.005066376179456711,-0.014659857377409935,0.0016673977952450514,-0.12951718270778656,-0.023058492690324783,-0.06339211016893387,0.9892800450325012,10
173146.750570375,-0.004963450133800507,-0.015109819360077381,0.0018787446897476912,-0.12924686074256897,-0.022178804501891136,-0.06437063217163086,0.9892723560333252,10
173146.767246291,-0.004972132388502359,-0.01544233039021492,0.002108592540025711,-0.12869144976139069,-0.021534154191613197,-0.06492551416158676,0.9893227219581604,10
173146.783922,-0.005062106531113386,-0.01574583910405636,0.0022896439768373966,-0.12877434492111206,-0.021123962476849556,-0.06526558101177216,0.9892983436584473,10
173146.800597833,-0.005236014723777771,-0.016069678589701653,0.002459513721987605,-0.12892448902130127,-0.020950501784682274,-0.06523671001195908,0.9892844557762146,10
173146.817273541,-0.005448032636195421,-0.016399895772337914,0.002627294510602951,-0.12910719215869904,-0.020947735756635666,-0.06505006551742554,0.989272952079773,10
173146.8339495,-0.005243835039436817,-0.01689779944717884,0.0025714177172631025,-0.13091427087783813,-0.01833510212600231,-0.06539928168058395,0.9890642762184143,10
173146.850625125,-0.005287335719913244,-0.017311640083789825,0.0027193622663617134,-0.1311330646276474,-0.01814558543264866,-0.0649624764919281,0.9890676140785217,10
173146.867301125,-0.0054008690640330315,-0.017703581601381302,0.002928544534370303,-0.1312617063522339,-0.017800264060497284,-0.06433006376028061,0.9890981316566467,10
173146.883976833,-0.00552799366414547,-0.01807096041738987,0.0031408199574798346,-0.13156583905220032,-0.017433948814868927,-0.06368053704500198,0.989106297492981,10
173146.900652583,-0.00568215548992157,-0.018422776833176613,0.0033581831958144903,-0.13152827322483063,-0.017114870250225067,-0.0628790333867073,0.989168107509613,10
173146.91732825,-0.005709198769181967,-0.01861616224050522,0.003438105806708336,-0.13256970047950745,-0.01582138054072857,-0.06196955591440201,0.9891080260276794,8.090965270996094
173146.934004291,-0.005780120845884085,-0.018827738240361214,0.0035752342082560062,-0.13245081901550293,-0.015611154027283192,-0.061478469520807266,0.9891579747200012,6.5637431144714355
173146.950679791,-0.005876102019101381,-0.019061774015426636,0.0037202537059783936,-0.13223455846309662,-0.015420305542647839,-0.06099717319011688,0.9892196655273438,5.341969013214111
173146.967355875,-0.005999565124511719,-0.019328270107507706,0.003841257421299815,-0.13208606839179993,-0.015195350162684917,-0.06039462983608246,0.9892799258232117,4.364547252655029
173146.984031541,-0.006162604317069054,-0.019640062004327774,0.003952498082071543,-0.13169510662555695,-0.0149892782792449,-0.05952252820134163,0.9893880486488342,3.582598924636841
173147.000707416,-0.006343931425362825,-0.019975343719124794,0.004057439975440502,-0.1311173290014267,-0.01477145031094551,-0.0585537925362587,0.9895259141921997,2.9570233821868896
173147.017383,-0.0064668054692447186,-0.02010503038764,0.004043021705001593,-0.1308165192604065,-0.014431902207434177,-0.057681597769260406,0.9896219372749329,2.45654296875
173147.034059041,-0.006576714105904102,-0.020181961357593536,0.003995589446276426,-0.13056381046772003,-0.014369399286806583,-0.057495325803756714,0.9896670579910278,2.0561389923095703
173147.050734666,-0.006680081598460674,-0.020244140177965164,0.00395346200093627,-0.13035202026367188,-0.01431228220462799,-0.05753301829099655,0.9896935820579529,1.7357988357543945
173147.067410583,-0.006808753125369549,-0.02034630998969078,0.00395239656791091,-0.13008654117584229,-0.014128887094557285,-0.05741526931524277,0.9897380471229553,1.4795126914978027
173147.084086291,-0.006973173003643751,-0.020536191761493683,0.003987694159150124,-0.12987007200717926,-0.013712102547287941,-0.057025980204343796,0.9897947907447815,1.2744691371917725
173147.100762291,-0.007175684440881014,-0.020809192210435867,0.004059094004333019,-0.12974421679973602,-0.013115158304572105,-0.05635968595743179,0.9898576140403748,1.1104196310043335
173147.117437833,-0.007274957373738289,-0.020847907289862633,0.0038718811701983213,-0.12972386181354523,-0.012400577776134014,-0.05566374957561493,0.9899088144302368,0.9791373610496521
173147.134113833,-0.007398995570838451,-0.02093476802110672,0.0038137908559292555,-0.1294926255941391,-0.01191630307585001,-0.055416759103536606,0.9899589419364929,0.8740851283073425
173147.150789333,-0.007549207657575607,-0.021038569509983063,0.003835096722468734,-0.12918861210346222,-0.011525697074830532,-0.055430665612220764,0.990002453327179,0.7900299429893494
173147.167465291,-0.007723644841462374,-0.02117505669593811,0.0038799094036221504,-0.1288689374923706,-0.011231137439608574,-0.05544402077794075,0.9900467991828918,0.7227741479873657
173147.184140958,-0.007923178374767303,-0.021376285701990128,0.003926575183868408,-0.12849299609661102,-0.011013357900083065,-0.05523695796728134,0.9901096224784851,0.6689527034759521
173147.20081675,-0.008145869709551334,-0.021672841161489487,0.0039649964310228825,-0.12827208638191223,-0.010848062112927437,-0.05478687584400177,0.990165114402771,0.6258750557899475
173147.2174925,-0.008274344727396965,-0.021606482565402985,0.0038325730711221695,-0.12785102427005768,-0.010584507137537003,-0.053961947560310364,0.9902676939964294,0.5911171436309814
173147.234168458,-0.008410320617258549,-0.021775316447019577,0.0038284272886812687,-0.12779448926448822,-0.010439717210829258,-0.053475718945264816,0.9903029203414917,0.5632951259613037
173147.250844125,-0.008511650376021862,-0.022024119272828102,0.0038779382593929768,-0.1279016137123108,-0.010447409003973007,-0.05339399725198746,0.9902934432029724,0.5410288572311401
173147.267520125,-0.008582950569689274,-0.022261474281549454,0.0039456388913095,-0.12813463807106018,-0.01060356292873621,-0.05355522409081459,0.9902529716491699,0.5232145190238953
173147.284195791,-0.008628588169813156,-0.02247762307524681,0.004039948806166649,-0.12840571999549866,-0.010791866108775139,-0.05382497236132622,0.9902011752128601,0.5089688301086426
173147.30087175,-0.0086418641731143,-0.02269282378256321,0.004172803368419409,-0.12861189246177673,-0.010830231010913849,-0.05401621758937836,0.9901635646820068,0.4975830316543579
173147.317547333,-0.0086042620241642,-0.02247203141450882,0.004212686792016029,-0.12834255397319794,-0.010441998951137066,-0.05410836264491081,0.9901976585388184,0.4871784746646881
173147.33422325,-0.008549232967197895,-0.022486286237835884,0.004329680930823088,-0.12848995625972748,-0.010062714107334614,-0.0542210191488266,0.9901763200759888,0.478873610496521
173147.350898791,-0.00849976483732462,-0.022621018812060356,0.00449353689327836,-0.12841643393039703,-0.009702159091830254,-0.05420806631445885,0.9901901483535767,0.47224393486976624
173147.36757475,-0.00845949538052082,-0.02280079945921898,0.004654270596802235,-0.12842807173728943,-0.009424219839274883,-0.05405484139919281,0.9901996850967407,0.46695318818092346
173147.384250458,-0.008429385721683502,-0.023010192438960075,0.00481391092762351,-0.12843722105026245,-0.009134744293987751,-0.05372583866119385,0.9902191758155823,0.46273142099380493
173147.400926375,-0.008406027220189571,-0.023221632465720177,0.004971423652023077,-0.1283281296491623,-0.008805030956864357,-0.053331587463617325,0.9902576208114624,0.4593619704246521
173147.417602083,-0.008388656191527843,-0.023308437317609787,0.00474846875295043,-0.1284666657447815,-0.008211253210902214,-0.0529463067650795,0.990265429019928,0.4456300437450409
173147.434277958,-0.008375508710741997,-0.023430828005075455,0.004669380374252796,-0.1285272091627121,-0.007940694689750671,-0.0527571476995945,0.9902698397636414,0.43461874127388
173147.450953666,-0.00834573619067669,-0.02354523539543152,0.004646604415029287,-0.12868714332580566,-0.007722057867795229,-0.0526457242667675,0.9902567267417908,0.42579689621925354
173147.4676295,-0.008295556530356407,-0.023622453212738037,0.0046259271912276745,-0.12883307039737701,-0.007434852886945009,-0.052536800503730774,0.9902456998825073,0.41872942447662354
173147.484305125,-0.008238689973950386,-0.023635663092136383,0.004596647806465626,-0.1288222223520279,-0.007211692165583372,-0.05251806229352951,0.9902498126029968,0.4130668640136719
173147.500981125,-0.008203784003853798,-0.023571178317070007,0.004540472757071257,-0.1287461817264557,-0.0072713326662778854,-0.05262714624404907,0.9902534484863281,0.40853050351142883
173147.517656833,-0.008247196674346924,-0.023748379200696945,0.004367327317595482,-0.1285322606563568,-0.007559026125818491,-0.05251944065093994,0.99028480052948,0.3936823904514313
173147.534332708,-0.008287539705634117,-0.023759111762046814,0.0042145736515522,-0.12836824357509613,-0.008017626591026783,-0.05246899276971817,0.9903051853179932,0.38176417350769043
173147.551008333,-0.008302414789795876,-0.02368737943470478,0.004074246156960726,-0.12807007133960724,-0.008586389943957329,-0.052378591150045395,0.9903437495231628,0.3721875846385956
173147.567684125,-0.008287599310278893,-0.02361128106713295,0.00394914485514164,-0.1277860701084137,-0.00911037903279066,-0.052265167236328125,0.9903817772865295,0.3644886016845703
173147.584359958,-0.008235778659582138,-0.02355327270925045,0.0038493373431265354,-0.12758778035640717,-0.009394173510372639,-0.052126940339803696,0.9904119372367859,0.3582996726036072
173147.601035833,-0.008149830624461174,-0.02350151166319847,0.003777390345931053,-0.1274731308221817,-0.009402254596352577,-0.05201611667871475,0.9904325008392334,0.35333067178726196
173147.617711416,-0.008079461753368378,-0.023296929895877838,0.0036299005150794983,-0.12717489898204803,-0.009258151054382324,-0.05184173583984375,0.9904813170433044,0.35224324464797974
173147.634387375,-0.007998721674084663,-0.02315027266740799,0.0035305488854646683,-0.12704998254776,-0.008936207741498947,-0.051627516746520996,0.9905115365982056,0.35134851932525635
173147.651062958,-0.007898007519543171,-0.02303379587829113,0.003474000608548522,-0.12662309408187866,-0.008517579175531864,-0.05137910321354866,0.9905827641487122,0.3505978584289551
173147.667739041,-0.007771968375891447,-0.0229436457157135,0.0034345826134085655,-0.12614217400550842,-0.008050832897424698,-0.051212772727012634,0.9906566739082336,0.3499622344970703
173147.684414541,-0.007630653213709593,-0.022877344861626625,0.0034155757166445255,-0.1255519837141037,-0.007594643626362085,-0.051119327545166016,0.9907400608062744,0.3494150638580322
173147.701090583,-0.007481510750949383,-0.022825101390480995,0.0034060224425047636,-0.125104159116745,-0.007169219199568033,-0.05119657143950462,0.9907958507537842,0.3489483594894409
173147.71776625,-0.007385635282844305,-0.022792138159275055,0.0032276827841997147,-0.1248815655708313,-0.00682412413880229,-0.05137784779071808,0.9908170104026794,0.34964102506637573
173147.734442166,-0.007285603787750006,-0.022764984518289566,0.003143172711133957,-0.12475636601448059,-0.006489223334938288,-0.05171406269073486,0.9908175468444824,0.3501618504524231
173147.751117833,-0.007206689100712538,-0.022753983736038208,0.0031251590698957443,-0.12472069263458252,-0.006266365293413401,-0.051924124360084534,0.9908124804496765,0.35056883096694946
173147.767793666,-0.007161575835198164,-0.022772235795855522,0.0031719165854156017,-0.1245877668261528,-0.006145878229290247,-0.05184662342071533,0.9908339977264404,0.35089555382728577
173147.784469375,-0.007126266602426767,-0.022786494344472885,0.0032667117193341255,-0.12435603141784668,-0.0061615267768502235,-0.05159398168325424,0.9908761978149414,0.3511630594730377
173147.801145333,-0.007071987260133028,-0.022768646478652954,0.003376483917236328,-0.12415627390146255,-0.006262640468776226,-0.0513237863779068,0.9909146428108215,0.3513913154602051
173147.817821041,-0.007069950457662344,-0.022753268480300903,0.0032869428396224976,-0.12408830970525742,-0.006410077214241028,-0.050990406423807144,0.9909394383430481,0.3267844617366791
173147.834496791,-0.007030338514596224,-0.02274225279688835,0.003319227136671543,-0.12390705943107605,-0.00644533708691597,-0.05038377642631531,0.9909929037094116,0.3070930540561676
173147.8511725,-0.006967182736843824,-0.022748200222849846,0.003441247623413801,-0.1235959604382515,-0.006417570635676384,-0.04944980517029762,0.9910789728164673,0.2913437485694885
173147.867848375,-0.0068695624358952045,-0.022759336978197098,0.0036004474386572838,-0.12323567271232605,-0.006273816339671612,-0.04828576371073723,0.9911821484565735,0.2787487804889679
173147.884524,-0.006716374307870865,-0.022723330184817314,0.003759761108085513,-0.12272553890943527,-0.0061509753577411175,-0.047161586582660675,0.9913003444671631,0.2686695456504822
173147.9012,-0.006507971789687872,-0.02260715514421463,0.00387784605845809,-0.12226301431655884,-0.006175548769533634,-0.04642319306731224,0.991392195224762,0.2606024742126465
173147.917875625,-0.00626038433983922,-0.022479459643363953,0.0037633655592799187,-0.1219487190246582,-0.00638546422123909,-0.04598496854305267,0.9914499521255493,2.208482027053833
173147.934551583,-0.006002054549753666,-0.02237347513437271,0.00371476705186069,-0.12176428735256195,-0.006688243709504604,-0.045550160109996796,0.9914907813072205,3.7667856216430664
173147.951227291,-0.005753606092184782,-0.02233249321579933,0.003711288794875145,-0.12146884948015213,-0.007080830167979002,-0.04492652416229248,0.9915527105331421,5.013428688049316
173147.967903166,-0.005514145363122225,-0.0223473459482193,0.003706953953951597,-0.12125799059867859,-0.007585187908262014,-0.04435385391116142,0.9916005730628967,6.010743141174316
173147.98457875,-0.00527256028726697,-0.022384829819202423,0.0036923568695783615,-0.12105200439691544,-0.008247929625213146,-0.04391995817422867,0.9916397929191589,6.808594703674316
173148.001254708,-0.005011251661926508,-0.02242204174399376,0.003664368763566017,-0.12094532698392868,-0.009040587581694126,-0.04364718869328499,0.9916579127311707,7.446876049041748
173148.017930416,-0.00473744934424758,-0.02234289050102234,0.003533565439283848,-0.1211019903421402,-0.009741730988025665,-0.04344300180673599,0.9916411638259888,7.95750093460083
173148.034606375,-0.004426870960742235,-0.022339999675750732,0.003452237229794264,-0.12141729891300201,-0.010408852249383926,-0.04333232715725899,0.9916005730628967,8.36600112915039
173148.051282041,-0.004078953061252832,-0.022385822609066963,0.0034218137152493,-0.12149146944284439,-0.011043930426239967,-0.04321948438882828,0.9915895462036133,8.692800521850586
173148.067957791,-0.003710316028445959,-0.022486159577965736,0.00342102674767375,-0.12161409109830856,-0.011541460640728474,-0.04306850582361221,0.9915754795074463,8.954240798950195
173148.0846335,-0.003340143710374832,-0.022675450891256332,0.0034239680971950293,-0.12227849662303925,-0.011852608993649483,-0.04279185086488724,0.991502046585083,9.163393020629883
173148.101309416,-0.002985732164233923,-0.022921940311789513,0.0034879897721111774,-0.12284683436155319,-0.012132358737289906,-0.04225131496787071,0.991451621055603,9.33071517944336
173148.117985083,-0.0025975843891501427,-0.023151131346821785,0.0034596750047057867,-0.12353230267763138,-0.012264212593436241,-0.04154406115412712,0.9913946986198425,9.46457290649414
173148.134661041,-0.0022278265096247196,-0.02335377037525177,0.0034743817523121834,-0.12466173619031906,-0.012503840029239655,-0.04098496958613396,0.9912735819816589,9.571659088134766
173148.15133675,-0.0018499665893614292,-0.0235036201775074,0.0035280482843518257,-0.12561826407909393,-0.012867077253758907,-0.04057878628373146,0.9911649227142334,9.657327651977539
173148.168012583,-0.0014523346908390522,-0.023584838956594467,0.0036253640428185463,-0.1261342465877533,-0.01332316268235445,-0.04024795815348625,0.9911068677902222,9.725862503051758
173148.184688375,-0.001016968279145658,-0.023607365787029266,0.0037527908571064472,-0.12641336023807526,-0.013796454295516014,-0.04001396894454956,0.99107426404953,9.78069019317627
173148.201364208,-0.0005457000806927681,-0.023608244955539703,0.0038708150386810303,-0.12708911299705505,-0.014132623560726643,-0.039935775101184845,0.9909862875938416,9.824552536010742
173148.21803975,6.88210129737854e-05,-0.023562859743833542,0.003867054358124733,-0.12843184173107147,-0.014209851622581482,-0.040116000920534134,0.9908047318458557,9.859642028808594
173148.234715833,0.0005974900559522212,-0.023546049371361732,0.003877484006807208,-0.13056756556034088,-0.014177579432725906,-0.04050462320446968,0.9905102252960205,9.887714385986328
173148.251391416,0.0010570529848337173,-0.02354954183101654,0.003927781246602535,-0.13275973498821259,-0.014040024019777775,-0.040835943073034286,0.9902071356773376,9.910171508789062
173148.268067375,0.0014727647649124265,-0.023564228788018227,0.00400525564327836,-0.1344286948442459,-0.01383067574352026,-0.04104453697800636,0.9899762272834778,9.928136825561523
173148.284743041,0.0018655243329703808,-0.023577529937028885,0.004119447432458401,-0.13557663559913635,-0.0136335464194417,-0.041099097579717636,0.989820122718811,9.942509651184082
173148.301418916,0.0022274041548371315,-0.023588918149471283,0.0042623053304851055,-0.13654538989067078,-0.013390923850238323,-0.04100697487592697,0.9896941184997559,9.954008102416992
173148.318094708,0.002369866706430912,-0.023709669709205627,0.004347227513790131,-0.13760699331760406,-0.013114557601511478,-0.04085560888051987,0.9895570278167725,9.963207244873047
173148.3347705,0.002526284195482731,-0.0237300843000412,0.004445967730134726,-0.1388954520225525,-0.012821047566831112,-0.04071137681603432,0.989386796951294,9.970565795898438
173148.351446041,0.0026624498423188925,-0.023685159161686897,0.004567352123558521,-0.13976933062076569,-0.012712876312434673,-0.040538329631090164,0.9892722368240356,9.976452827453613
173148.368122041,0.0027595628052949905,-0.023626670241355896,0.004719737451523542,-0.14021064341068268,-0.012782186269760132,-0.04030165448784828,0.989218533039093,9.981163024902344
173148.384797791,0.002809331752359867,-0.023582041263580322,0.004868113901466131,-0.1405983716249466,-0.01298331655561924,-0.0399492122232914,0.9891752004623413,9.984930038452148
173148.401473666,0.0028162943199276924,-0.023537755012512207,0.004983574617654085,-0.14120373129844666,-0.013295750133693218,-0.03970886394381523,0.9890944957733154,9.987943649291992
173148.418149291,0.0028036688454449177,-0.023524899035692215,0.004854059778153896,-0.14243759214878082,-0.013707222416996956,-0.03962772339582443,0.988915205001831,8.051031112670898
173148.434825291,0.0027354643680155277,-0.02352818474173546,0.004802329931408167,-0.143788680434227,-0.014142069034278393,-0.03949859365820885,0.9887186884880066,6.501524448394775
173148.451500833,0.002648711670190096,-0.023520033806562424,0.0048068249598145485,-0.14476348459720612,-0.014616533182561398,-0.03930613026022911,0.9885771870613098,5.261941909790039
173148.468176833,0.0025717541575431824,-0.023450911045074463,0.0048213740810751915,-0.14540931582450867,-0.015098153613507748,-0.039184413850307465,0.9884800314903259,4.2702956199646
173148.484852458,0.002508646808564663,-0.023320429027080536,0.00482593197375536,-0.1459302455186844,-0.015519903041422367,-0.03928249701857567,0.9883928298950195,3.477001905441284
173148.501528375,0.0024363012053072453,-0.02318074181675911,0.00482355710119009,-0.14673568308353424,-0.015715787187218666,-0.03943353518843651,0.9882644414901733,2.8424012660980225
173148.518204,0.0023139272816479206,-0.02299083024263382,0.004753115586936474,-0.14782288670539856,-0.01568426936864853,-0.039378225803375244,0.9881051182746887,2.334901809692383
173148.53488,0.0021655126474797726,-0.02286374568939209,0.004711266607046127,-0.1489211469888687,-0.015582321211695671,-0.039257124066352844,0.987946629524231,1.9287934303283691
173148.551555583,0.001996375620365143,-0.02277388423681259,0.00467553548514843,-0.1498371809720993,-0.015512635931372643,-0.03900158405303955,0.9878193140029907,1.6039365530014038
173148.5682315,0.001814559567719698,-0.022705987095832825,0.0046410635113716125,-0.15056884288787842,-0.015548824332654476,-0.03865936025977135,0.9877209067344666,1.344071626663208
173148.58490725,0.0016367529751732945,-0.02265089936554432,0.004599749576300383,-0.15131624042987823,-0.015658335760235786,-0.038346294313669205,0.9876171946525574,1.136197805404663
173148.601583083,0.001468435861170292,-0.022584334015846252,0.004555446095764637,-0.15181803703308105,-0.015973176807165146,-0.038141343742609024,0.9875431060791016,0.9699075818061829
173148.61825875,0.0014120345003902912,-0.022485945373773575,0.004382424056529999,-0.15198223292827606,-0.01641453057527542,-0.037941280752420425,0.987518310546875,0.8368528485298157
173148.634934708,0.0013226737501099706,-0.02242063544690609,0.004298975225538015,-0.1522035002708435,-0.016689447686076164,-0.03770746290683746,0.9874885082244873,0.7304030656814575
173148.651610416,0.00122360372915864,-0.02238333225250244,0.0042732274159789085,-0.15253715217113495,-0.01676548458635807,-0.037604980170726776,0.9874396920204163,0.6452515125274658
173148.668286208,0.0011235987767577171,-0.02238098531961441,0.004275592975318432,-0.15308763086795807,-0.016651010140776634,-0.0376686230301857,0.9873539805412292,0.5771504044532776
173148.684962,0.0010320097208023071,-0.02239512838423252,0.0042962864972651005,-0.15355515480041504,-0.016515757888555527,-0.03782953321933746,0.9872775673866272,0.5226880311965942
173148.701637833,0.0009490526281297207,-0.02240869402885437,0.004295032471418381,-0.15399269759655,-0.016413604840636253,-0.03797026723623276,0.9872056841850281,0.47913238406181335
173148.7183135,0.0009379443363286555,-0.02245142310857773,0.0041601951234042645,-0.15411384403705597,-0.01637188345193863,-0.03801976889371872,0.9871855974197388,2.3833060264587402
173148.734989416,0.0008940539555624127,-0.022469082847237587,0.004088532645255327,-0.1539037674665451,-0.016389647498726845,-0.038022853434085846,0.9872179627418518,3.906644821166992
173148.751665166,0.0008269756799563766,-0.022487232461571693,0.004039035644382238,-0.1536550223827362,-0.016412993893027306,-0.03797396644949913,0.9872581958770752,5.1253156661987305
173148.768341,0.0007520993240177631,-0.02252575382590294,0.0039891526103019714,-0.15346962213516235,-0.01642242632806301,-0.03797374665737152,0.9872868657112122,6.100252628326416
173148.78501675,0.0006706388667225838,-0.02258683741092682,0.003924889490008354,-0.15328888595104218,-0.016479143872857094,-0.038013651967048645,0.9873124957084656,6.880202293395996
173148.801692541,0.0005854298360645771,-0.02265819162130356,0.0038487277925014496,-0.1530323326587677,-0.016560574993491173,-0.03803787752985954,0.9873499870300293,7.504161834716797
173148.81836825,0.0006132312119007111,-0.022693969309329987,0.0036746468394994736,-0.15280556678771973,-0.01661497913300991,-0.03818047419190407,0.987378716468811,8.00333023071289
173148.835044166,0.0006210058927536011,-0.022747084498405457,0.0035037687048316,-0.15276885032653809,-0.01671501249074936,-0.038446392863988876,0.9873723387718201,8.402664184570312
173148.851719833,0.0006125546060502529,-0.022835485637187958,0.0033642640337347984,-0.1526067852973938,-0.01682831533253193,-0.0386025533080101,0.9873893857002258,8.722131729125977
173148.868395708,0.0005865874700248241,-0.0229630246758461,0.003267747350037098,-0.1522556096315384,-0.01696990430355072,-0.038616400212049484,0.9874406456947327,8.977705001831055
173148.885071375,0.000552875455468893,-0.023098886013031006,0.003190509043633938,-0.15199756622314453,-0.017129909247159958,-0.03868546709418297,0.9874749183654785,9.182164192199707
173148.901747416,0.0005361867370083928,-0.023237289860844612,0.003128205891698599,-0.15182308852672577,-0.017273982986807823,-0.03895453363656998,0.9874886870384216,9.345731735229492
173148.918423083,0.000526882300619036,-0.02340979315340519,0.003022026037797332,-0.1517358422279358,-0.017295148223638535,-0.039247412234544754,0.9874901175498962,9.476585388183594
173148.935098875,0.0005270796827971935,-0.023646987974643707,0.0029798587784171104,-0.15199033915996552,-0.01709027774631977,-0.0395684540271759,0.9874417185783386,9.581268310546875
173148.9517745,0.0005290695116855204,-0.02393961139023304,0.002988597145304084,-0.15233273804187775,-0.01669575273990631,-0.039785802364349365,0.9873870015144348,9.665014266967773
173148.968450375,0.0005240715690888464,-0.024266308173537254,0.0030255073215812445,-0.15264570713043213,-0.01628890074789524,-0.03998740017414093,0.9873372912406921,9.732011795043945
173148.985126125,0.0004892852157354355,-0.024610187858343124,0.003081532195210457,-0.15294745564460754,-0.01592831499874592,-0.040083035826683044,0.9872925877571106,9.78561019897461
173149.001802125,0.00043245358392596245,-0.024955596774816513,0.0031608305871486664,-0.15311013162136078,-0.015659743919968605,-0.03998350724577904,0.9872757196426392,9.82848834991455
173149.018477666,0.000401029537897557,-0.025253858417272568,0.003134150058031082,-0.15356294810771942,-0.015267091803252697,-0.040082335472106934,0.9872074723243713,9.862791061401367
173149.035153583,0.00036479532718658447,-0.025518100708723068,0.003156001679599285,-0.15408097207546234,-0.014841876924037933,-0.040293220430612564,0.9871246814727783,9.890233039855957
173149.051829333,0.00034206872805953026,-0.025741204619407654,0.003193073906004429,-0.1546676754951477,-0.014384056441485882,-0.04071768745779991,0.987022340297699,9.912186622619629
173149.068505166,0.000321386381983757,-0.02594435214996338,0.0032098302617669106,-0.1553919017314911,-0.01388454157859087,-0.041262369602918625,0.9868931174278259,9.929749488830566
173149.085180833,0.0002704281359910965,-0.02616613730788231,0.0032044267281889915,-0.1563415825366974,-0.013324165716767311,-0.041690241545438766,0.9867327809333801,9.94379997253418
173149.101856833,0.00017734942957758904,-0.02640809863805771,0.0032000094652175903,-0.15709839761257172,-0.012786796316504478,-0.04189245402812958,0.9866111874580383,9.955039978027344
173149.1185325,2.8009526431560516e-05,-0.026572294533252716,0.0032223928719758987,-0.15766386687755585,-0.012449946254491806,-0.0419992133975029,0.9865207672119141,9.964032173156738
173149.135208375,-0.0001262519508600235,-0.02675231546163559,0.003191554918885231,-0.1582062542438507,-0.012255312874913216,-0.04209341108798981,0.9864323139190674,9.97122573852539
173149.151884,-0.00027481711003929377,-0.026951970532536507,0.003142064902931452,-0.15865390002727509,-0.01209669653326273,-0.042012546211481094,0.9863658547401428,9.976980209350586
173149.168559916,-0.0003990576951764524,-0.027149474248290062,0.0030818346422165632,-0.15897312760353088,-0.011925620026886463,-0.04180879890918732,0.9863251447677612,9.981584548950195
173149.185235625,-0.0004765453049913049,-0.02730686217546463,0.0029943487606942654,-0.15927758812904358,-0.01176428236067295,-0.04165114834904671,0.9862846732139587,9.985267639160156
173149.201911541,-0.0004928670823574066,-0.027417059987783432,0.002872851677238941,-0.15985924005508423,-0.011564035899937153,-0.04168197885155678,0.9861916303634644,9.988214492797852
173149.218587208,-0.0005669211968779564,-0.027474727481603622,0.0028182994574308395,-0.16089220345020294,-0.01128367055207491,-0.041750628501176834,0.9860239028930664,9.990571975708008
173149.235263125,-0.0005371947190724313,-0.027542026713490486,0.0026889366563409567,-0.16286759078502655,-0.010808677412569523,-0.04189477488398552,0.9856988191604614,9.99245834350586
173149.251938791,-0.00044886907562613487,-0.0276237390935421,0.0025575319305062294,-0.16607801616191864,-0.01010869164019823,-0.0418708398938179,0.985171377658844,9.993967056274414
173149.26861475,-0.00032885652035474777,-0.0276789590716362,0.002471298910677433,-0.17142550647258759,-0.00886017270386219,-0.04170401766896248,0.9842740893363953,9.995174407958984
173149.285290291,-0.000172534491866827,-0.027583755552768707,0.002346356399357319,-0.18145596981048584,-0.0068933418951928616,-0.04202349856495857,0.9824765920639038,9.996139526367188
173149.301966208,9.165710071101785e-05,-0.027216598391532898,0.0021268853452056646,-0.19921620190143585,-0.003760767634958029,-0.0439295619726181,0.9789631962776184,9.996912002563477
173149.318641958,0.00018080975860357285,-0.026558544486761093,0.0021589966490864754,-0.22441276907920837,0.0006132152630016208,-0.047160569578409195,0.9733521342277527,9.997529983520508
173149.335317916,0.00030173035338521004,-0.02510298416018486,0.0022755125537514687,-0.2580438256263733,0.0055528259836137295,-0.05191265791654587,0.9647215008735657,9.998023986816406
173149.351993583,0.00035558687523007393,-0.022585254162549973,0.00267106294631958,-0.2974933981895447,0.010023662820458412,-0.05754191428422928,0.952935516834259,9.998418807983398
173149.368669375,0.00031562941148877144,-0.018719255924224854,0.0034177545458078384,-0.33758240938186646,0.011591944843530655,-0.06374305486679077,0.9390636682510376,9.998735427856445
173149.385345041,0.0002664509229362011,-0.013206938281655312,0.004217150621116161,-0.3743322491645813,0.006852638907730579,-0.07057972997426987,0.9245793223381042,9.99898910522461
173149.402020958,0.00025861896574497223,-0.00590512715280056,0.004970054142177105,-0.4071570634841919,-0.003977314569056034,-0.07904966175556183,0.9099222421646118,9.999191284179688
173149.418696666,0.00041253771632909775,0.0029496909119188786,0.006022856570780277,-0.43696898221969604,-0.017543256282806396,-0.09053490310907364,0.8947367072105408,8.056037902832031
173149.4353725,0.0013627042062580585,0.013374357484281063,0.007225691340863705,-0.4648870527744293,-0.03119642660021782,-0.10677382349967957,0.8783541917800903,6.488308429718018
173149.452048333,0.0032335256692022085,0.025139261037111282,0.008760515600442886,-0.48875176906585693,-0.043041907250881195,-0.12877404689788818,0.8617925047874451,5.236365795135498
173149.468724083,0.005584013182669878,0.03783833980560303,0.010592466220259666,-0.5084959268569946,-0.05578334629535675,-0.15350574254989624,0.8454325199127197,4.2367262840271
173149.485399791,0.007757727988064289,0.051384471356868744,0.012545006349682808,-0.5232035517692566,-0.07124991714954376,-0.1777333915233612,0.8304169178009033,3.439206123352051
173149.502075666,0.009833615273237228,0.06578794866800308,0.014277986250817776,-0.5319120287895203,-0.0891408696770668,-0.2016993761062622,0.8175823092460632,2.805079221725464
173149.5187515,0.011893484741449356,0.08041053265333176,0.016262497752904892,-0.5354849100112915,-0.10774754732847214,-0.22582869231700897,0.8066273927688599,2.2750306129455566
173149.535427375,0.014352199621498585,0.09533019363880157,0.018175680190324783,-0.5351774096488953,-0.12733569741249084,-0.24905197322368622,0.7970846891403198,1.853962779045105
173149.552102916,0.017185859382152557,0.11015190929174423,0.02051505446434021,-0.531002402305603,-0.1476639211177826,-0.272323340177536,0.7887153029441833,1.5132793188095093
173149.568779,0.02020018734037876,0.12470802664756775,0.02330072782933712,-0.5233850479125977,-0.1676533967256546,-0.29610675573349,0.7812049984931946,1.241121768951416
173149.585454583,0.02334965392947197,0.1387910395860672,0.026546070352196693,-0.5146116614341736,-0.18599611520767212,-0.3206063210964203,0.7731699347496033,1.0268514156341553
173149.602130416,0.026641594246029854,0.15230002999305725,0.030314303934574127,-0.5061274170875549,-0.2016223669052124,-0.34525078535079956,0.7641893029212952,0.8582206964492798
173149.618806125,0.0296919047832489,0.16486865282058716,0.03411121293902397,-0.49968963861465454,-0.21386583149433136,-0.3686089813709259,0.7541213631629944,0.7261841893196106
173149.635482,0.03254253417253494,0.17688490450382233,0.038054194301366806,-0.4964948296546936,-0.22350361943244934,-0.3898218870162964,0.742682933807373,0.6231156587600708
173149.652157708,0.03518551215529442,0.18817254900932312,0.04193151369690895,-0.4967823028564453,-0.23060202598571777,-0.4104204773902893,0.7290987372398376,0.5431082844734192
173149.668833708,0.03774712234735489,0.1984901875257492,0.04580366238951683,-0.5004249215126038,-0.235796257853508,-0.43099701404571533,0.7128930687904358,0.48072779178619385
173149.685509333,0.04029974713921547,0.20778913795948029,0.04979875311255455,-0.5045329332351685,-0.24177031219005585,-0.4507536292076111,0.6955679655075073,0.43291759490966797
173149.702185208,0.04282201826572418,0.2162216156721115,0.05405489355325699,-0.5058950781822205,-0.24966946244239807,-0.4672195017337799,0.6807652115821838,0.3963041305541992
173149.718860875,0.04549343138933182,0.2237895131111145,0.05843457579612732,-0.5025312304496765,-0.26025742292404175,-0.4789915084838867,0.6710407733917236,0.3687431812286377
173149.735536875,0.04811784252524376,0.23099300265312195,0.06273889541625977,-0.49703699350357056,-0.2704562842845917,-0.4885953366756439,0.6641401648521423,0.3483511209487915
173149.752212458,0.050636064261198044,0.23763898015022278,0.06661471724510193,-0.49397987127304077,-0.277629017829895,-0.4980476200580597,0.6563951969146729,0.3335731327533722
173149.768888375,0.053008075803518295,0.24357345700263977,0.06978446245193481,-0.49604693055152893,-0.28075021505355835,-0.5075905323028564,0.6461181044578552,0.32310789823532104
173149.785564,0.055231139063835144,0.2489662915468216,0.07227294892072678,-0.5010524988174438,-0.28129327297210693,-0.5163025259971619,0.6350213289260864,0.3159273564815521
173149.802239916,0.057376690208911896,0.2541635036468506,0.0742514431476593,-0.5050868988037109,-0.28043198585510254,-0.523873507976532,0.6259406208992004,0.31203848123550415
173149.818915666,0.05897650867700577,0.25813767313957214,0.07699020951986313,-0.5064513683319092,-0.2786303162574768,-0.5320759415626526,0.6186819672584534,0.30994296073913574
173149.835591625,0.06099653244018555,0.2632095515727997,0.07908221334218979,-0.5039272308349609,-0.2764054536819458,-0.5408582091331482,0.6141089797019958,0.30941715836524963
173149.852267166,0.06312476843595505,0.26871827244758606,0.08090143650770187,-0.4991699755191803,-0.27349382638931274,-0.5499881505966187,0.6111820936203003,0.3102521300315857
173149.868943041,0.06521362066268921,0.2740916609764099,0.08246853947639465,-0.49520429968833923,-0.26971107721328735,-0.5587286949157715,0.6081536412239075,0.3121170997619629
173149.885618791,0.06729324907064438,0.27912598848342896,0.0836876928806305,-0.4928576648235321,-0.26578769087791443,-0.5665442943572998,0.6045459508895874,0.31523191928863525
173149.902294666,0.06942751258611679,0.2837597727775574,0.08453674614429474,-0.49085283279418945,-0.2625506818294525,-0.5733659863471985,0.6011506915092468,0.31900927424430847
173149.918970375,0.07155295461416245,0.28492608666419983,0.08679664880037308,-0.48881828784942627,-0.2602993845939636,-0.5796728134155273,0.5977293252944946,0.32252800464630127
173149.935646291,0.07402981072664261,0.28756844997406006,0.08804260939359665,-0.48552143573760986,-0.260354608297348,-0.5854930281639099,0.59471195936203,0.3260406255722046
173149.952321958,0.07677964121103287,0.2905519902706146,0.08881957828998566,-0.4813108742237091,-0.2631250321865082,-0.5904517769813538,0.5920063853263855,0.32958871126174927
173149.968997958,0.07956017553806305,0.2933273911476135,0.08927744626998901,-0.4772491455078125,-0.2674300968647003,-0.594424307346344,0.5893845558166504,0.33315572142601013
173149.9856735,0.0822480246424675,0.29570472240448,0.08937793225049973,-0.4742484390735626,-0.27169665694236755,-0.5979213118553162,0.5863100290298462,0.3364253640174866
173150.002349541,0.08488424867391586,0.297586053609848,0.0891931802034378,-0.4718537926673889,-0.27572694420814514,-0.6011965870857239,0.583001971244812,0.33958297967910767
173150.019025,0.08718502521514893,0.2945127487182617,0.08952471613883972,-0.4700038433074951,-0.2796187400817871,-0.6035627126693726,0.5801912546157837,0.3417395353317261
173150.035700833,0.0898289680480957,0.2937868535518646,0.08946964144706726,-0.46814656257629395,-0.28354984521865845,-0.6056358218193054,0.5776188373565674,0.34352344274520874
173150.052376666,0.09278962761163712,0.29384616017341614,0.08933641016483307,-0.46547985076904297,-0.28725606203079224,-0.6078075170516968,0.57565838098526,0.3451704978942871
173150.069052583,0.09596166759729385,0.29394301772117615,0.08918438851833344,-0.46183958649635315,-0.29067668318748474,-0.610378623008728,0.5741506218910217,0.3466761112213135
173150.085728333,0.0992584154009819,0.2937604784965515,0.08903814852237701,-0.4575817286968231,-0.2938183546066284,-0.6137108206748962,0.5724061131477356,0.34811943769454956
173150.102404291,0.10256438702344894,0.2930702567100525,0.08889596164226532,-0.45394623279571533,-0.29660528898239136,-0.6174705028533936,0.569814145565033,0.3497962951660156
173150.119079791,0.1046561524271965,0.28662607073783875,0.08827291429042816,-0.4519467055797577,-0.29954999685287476,-0.6205816268920898,0.5664735436439514,0.3522659242153168
173150.13575575,0.10736609995365143,0.28280124068260193,0.0880482941865921,-0.4515446126461029,-0.30299004912376404,-0.6230455040931702,0.5622444152832031,0.3537217378616333
173150.152431416,0.11036749929189682,0.27985572814941406,0.0879579484462738,-0.4519612789154053,-0.3066639006137848,-0.6247066855430603,0.5580589771270752,0.3545505702495575
173150.169107166,0.11357180029153824,0.2770600914955139,0.08789636194705963,-0.4526408910751343,-0.31055504083633423,-0.6259878873825073,0.5539051294326782,0.3549157977104187
173150.185782958,0.11683336645364761,0.2741768956184387,0.08779038488864899,-0.4540977478027344,-0.3133336305618286,-0.6277172565460205,0.5491705536842346,0.35491064190864563
173150.202458791,0.12010592967271805,0.2711106240749359,0.08757835626602173,-0.4563668668270111,-0.31478482484817505,-0.6303924322128296,0.5433646440505981,0.3545933663845062
173150.219134458,0.12138693034648895,0.26309746503829956,0.08640599250793457,-0.4583595097064972,-0.31627655029296875,-0.6337999105453491,0.5368179082870483,0.3529587388038635
173150.252486041,0.12717071175575256,0.25518277287483215,0.0856882780790329,-0.4561746418476105,-0.3221733570098877,-0.6415300965309143,0.5258785486221313,0.35345232486724854
173150.269162125,0.13024112582206726,0.2529609501361847,0.08589110523462296,-0.45164167881011963,-0.32519322633743286,-0.6454037427902222,0.5231855511665344,0.3833056092262268
173150.28583775,0.1329706907272339,0.25123488903045654,0.0863514393568039,-0.4466925859451294,-0.3263469934463501,-0.6494494676589966,0.5217075943946838,0.40706586837768555
173150.302513666,0.1354161947965622,0.24975909292697906,0.08695584535598755,-0.44189730286598206,-0.32604414224624634,-0.6537865400314331,0.5205623507499695,0.4259323477745056
173150.319189375,0.1363823115825653,0.24623416364192963,0.0873657837510109,-0.4370012581348419,-0.3256450593471527,-0.6577042937278748,0.5200098752975464,0.4401963949203491
173150.33586525,0.13810698688030243,0.24434712529182434,0.08789871633052826,-0.4322356879711151,-0.32580339908599854,-0.6611272096633911,0.5195528864860535,0.45133674144744873
173150.352540875,0.14011387526988983,0.24321962893009186,0.0884668305516243,-0.4277970790863037,-0.325467973947525,-0.6644294857978821,0.5192241668701172,0.46012812852859497
173150.369216833,0.14215046167373657,0.24232161045074463,0.08906611055135727,-0.424578458070755,-0.3238319158554077,-0.667991578578949,0.5183175206184387,0.4670889377593994
173150.385892541,0.14405858516693115,0.24144920706748962,0.08956868946552277,-0.42370253801345825,-0.32117095589637756,-0.6712369322776794,0.5164940357208252,0.47258979082107544
173150.402568291,0.1457500159740448,0.2405482828617096,0.08978599309921265,-0.42585527896881104,-0.3172597885131836,-0.6738531589508057,0.5137270092964172,0.4768992066383362
173150.419244041,0.14656969904899597,0.2376805692911148,0.08986219018697739,-0.4299566149711609,-0.31374040246009827,-0.6758056282997131,0.5098932385444641,0.47613659501075745
173150.435920041,0.1479322910308838,0.2358475774526596,0.08969204872846603,-0.43390822410583496,-0.3117552697658539,-0.6781933307647705,0.504565417766571,0.47890883684158325
173150.452595666,0.14964886009693146,0.23447202146053314,0.08940085768699646,0.4361797571182251,0.31127864122390747,0.6813504099845886,-0.49861249327659607,0.4808862507343292
173150.469271625,0.15153181552886963,0.23338143527507782,0.08910983055830002,0.43607190251350403,0.3120666742324829,0.6850222945213318,-0.49315324425697327,0.48229461908340454
173150.485947208,0.1534063220024109,0.23246142268180847,0.08888615667819977,0.43411603569984436,0.3132369816303253,0.6889453530311584,-0.4886513650417328,0.483296275138855
173150.502623125,0.15511392056941986,0.23161885142326355,0.0887644961476326,0.43137243390083313,0.3143232762813568,0.6923959851264954,-0.4854961037635803,0.48399603366851807
173150.51929875,0.15596821904182434,0.2296777218580246,0.0887061133980751,0.42828071117401123,0.31530311703681946,0.6947401762008667,-0.48424747586250305,0.4825557768344879
173150.552650375,0.1577787697315216,0.22769637405872345,0.08887036889791489,0.4209160804748535,0.3170645833015442,0.6975280046463013,-0.4855455160140991,0.48006099462509155
173150.569326208,0.1585657149553299,0.2269439846277237,0.08896365761756897,0.41725149750709534,0.318418025970459,0.698302686214447,-0.486707866191864,0.47901350259780884
173150.586001916,0.15923094749450684,0.22612963616847992,0.08895614743232727,0.41471076011657715,0.32010605931282043,0.6985907554626465,-0.4873582422733307,0.47803574800491333
173150.602677958,0.15976868569850922,0.22523075342178345,0.08881943672895432,0.4137117862701416,0.3216908574104309,0.6984831094741821,-0.4873179495334625,0.4770851731300354
173150.619353541,0.15997613966464996,0.22322715818881989,0.08871418237686157,0.41349029541015625,0.3229840099811554,0.6981544494628906,-0.48712173104286194,0.4752233028411865
173150.636029458,0.16033297777175903,0.22189608216285706,0.08852561563253403,0.4128948152065277,0.3242555558681488,0.6979429721832275,-0.4870850145816803,0.4734737277030945
173150.652705166,0.16076742112636566,0.22084666788578033,0.08827640861272812,0.4120113253593445,0.3253219723701477,0.6980694532394409,-0.486940860748291,0.4718664288520813
173150.669380958,0.1612291932106018,0.21982978284358978,0.08793065696954727,0.41157975792884827,0.32624033093452454,0.6983498930931091,-0.48628881573677063,0.47037753462791443
173150.686056625,0.1617099493741989,0.21880115568637848,0.08749772608280182,0.4116441309452057,0.32707297801971436,0.698641300201416,-0.4852553606033325,0.4689791798591614
173150.7027325,0.16223013401031494,0.2178296595811844,0.08705762773752213,0.41140249371528625,0.32803213596343994,0.6989955902099609,-0.48430171608924866,0.4676625728607178
173150.71940825,0.16303320229053497,0.21639926731586456,0.08694595098495483,0.4102683365345001,0.3290148675441742,0.699350118637085,-0.4840852618217468,0.46459242701530457
173150.736084125,0.16360001266002655,0.2154054343700409,0.08670554310083389,0.4085143804550171,0.330005019903183,0.6995169520378113,-0.48465317487716675,0.46196210384368896
173150.752759833,0.164028599858284,0.21460427343845367,0.08641701191663742,0.4066545069217682,0.3313272297382355,0.6992249488830566,-0.48573538661003113,0.4597158432006836
173150.769435708,0.1643942892551422,0.21383850276470184,0.08608180284500122,0.4052843153476715,0.3331475853919983,0.6985082030296326,-0.48666590452194214,0.4577791690826416
173150.786111416,0.16473515331745148,0.2130584716796875,0.08571644127368927,0.404739648103714,0.3351597487926483,0.6976096034049988,-0.487026184797287,0.4560820758342743
173150.802787291,0.16504518687725067,0.21227750182151794,0.08538180589675903,0.404875785112381,0.3368382453918457,0.6967723369598389,-0.48695382475852966,0.4545731544494629
173150.819463041,0.16576053202152252,0.21169686317443848,0.08536110073328018,0.4052067995071411,0.3380645513534546,0.695968747138977,-0.4869777262210846,0.4531431496143341
173150.836138916,0.16620738804340363,0.21101801097393036,0.08530036360025406,0.405275821685791,0.33930134773254395,0.6952841877937317,-0.4870379865169525,0.4518824815750122
173150.852814541,0.16655559837818146,0.21032696962356567,0.08528153598308563,0.40527814626693726,0.34049829840660095,0.6947647929191589,-0.48694178462028503,0.4507535696029663
173150.869490541,0.16683660447597504,0.20966364443302155,0.08530492335557938,0.4057048261165619,0.3416733145713806,0.6942027807235718,-0.4865647256374359,0.4497346878051758
173150.886166041,0.16704872250556946,0.2090899646282196,0.08539733290672302,0.4066658914089203,0.34243613481521606,0.6936305165290833,-0.48604220151901245,0.448821485042572
173150.902842041,0.16721707582473755,0.20864754915237427,0.08560934662818909,0.40775495767593384,0.3424645960330963,0.6933082938194275,-0.48556920886039734,0.44786185026168823
173150.91951775,0.16737106442451477,0.20804153382778168,0.08598648011684418,0.4083292782306671,0.3421750068664551,0.6932251453399658,-0.4854094982147217,0.4482441544532776
173150.936193625,0.16749633848667145,0.20768481492996216,0.08639149367809296,0.40831661224365234,0.34158384799957275,0.6935244202613831,-0.4854090213775635,0.44851452112197876
173150.952869208,0.16759559512138367,0.20740097761154175,0.08677408844232559,0.4080319404602051,0.34130793809890747,0.6938271522521973,-0.48540982604026794,0.4487082362174988
173150.969545208,0.16764582693576813,0.20709683001041412,0.08706729859113693,0.40804290771484375,0.3415658175945282,0.6938980221748352,-0.48511773347854614,0.44882649183273315
173150.986220875,0.1676429957151413,0.2067914754152298,0.08727417886257172,0.40849289298057556,0.3420848250389099,0.6938247084617615,-0.48447781801223755,0.44887131452560425
173151.00289675,0.16759367287158966,0.20654933154582977,0.08742913603782654,0.4091697335243225,0.3423229157924652,0.6939166188240051,-0.48360612988471985,0.448860228061676
173151.0195725,0.16821050643920898,0.20586104691028595,0.08750707656145096,0.40982797741889954,0.3420696258544922,0.6942651867866516,-0.4827268123626709,0.4486832618713379
173151.036248375,0.16827347874641418,0.20559704303741455,0.08756440877914429,0.41024547815322876,0.341607928276062,0.6946700811386108,-0.4821164309978485,0.44726890325546265
173151.052923916,0.16806279122829437,0.20555005967617035,0.08757821470499039,0.410510390996933,0.34111711382865906,0.6948477625846863,-0.48198220133781433,0.44612184166908264
173151.069599916,0.16772004961967468,0.20562617480754852,0.08754218369722366,0.410486102104187,0.3409058749675751,0.6947747468948364,-0.48225754499435425,0.4452061355113983
173151.086275541,0.167302206158638,0.2057931274175644,0.08744876086711884,0.4103107750415802,0.3409900367259979,0.6944617033004761,-0.48279792070388794,0.4444887042045593
173151.102951458,0.16685622930526733,0.20605310797691345,0.08732346445322037,0.4101259112358093,0.34093666076660156,0.6942012906074524,-0.4833667278289795,0.4439442455768585
173151.119627166,0.1663881093263626,0.20629025995731354,0.08741182088851929,0.4095485210418701,0.3402341902256012,0.6944088339805603,-0.4840526878833771,0.4444442391395569
173151.136303125,0.16597266495227814,0.20663362741470337,0.08740909397602081,0.4086953401565552,0.338969349861145,0.694979190826416,-0.48484209179878235,0.4449036121368408
173151.15297875,0.16556870937347412,0.20700834691524506,0.08734390884637833,0.4076712429523468,0.33784300088882446,0.6954621076583862,-0.4857969284057617,0.4453314542770386
173151.169654791,0.165144145488739,0.2073289155960083,0.08720105141401291,0.40680962800979614,0.337128221988678,0.6956003904342651,-0.48681673407554626,0.4457138180732727
173151.186330458,0.16468681395053864,0.20753374695777893,0.0869658887386322,0.4063498079776764,0.33694860339164734,0.695326566696167,-0.48771557211875916,0.4460269510746002
173151.203006208,0.16422662138938904,0.20761384069919586,0.08663243800401688,0.40655288100242615,0.33726081252098083,0.6947155594825745,-0.48820099234580994,0.44625145196914673
173151.219681916,0.16413041949272156,0.2073652595281601,0.08650311827659607,0.4075454771518707,0.33739349246025085,0.6940534710884094,-0.48822349309921265,0.44473692774772644
173151.236357875,0.16388939321041107,0.2071918398141861,0.0862327590584755,0.4087434709072113,0.3374887704849243,0.6936391592025757,-0.48774459958076477,0.4434637725353241
173151.253033583,0.163661390542984,0.2071562111377716,0.08601190149784088,0.4093253016471863,0.33736565709114075,0.6935766339302063,-0.4874305725097656,0.4424155056476593
173151.269709416,0.16348063945770264,0.20728856325149536,0.08591316640377045,0.4090619683265686,0.3371603488922119,0.6937388777732849,-0.48756280541419983,0.4415908455848694
173151.286385166,0.16330532729625702,0.20756006240844727,0.08591749519109726,0.40828683972358704,0.33691608905792236,0.6938603520393372,-0.48820817470550537,0.4409785270690918
173151.303061041,0.16310492157936096,0.20790821313858032,0.08597169816493988,0.4075082540512085,0.33672893047332764,0.6937646269798279,-0.4891229569911957,0.4405514597892761
173151.31973675,0.1629873812198639,0.2076367884874344,0.08624523878097534,0.4070685803890228,0.3365460932254791,0.6935606598854065,-0.4899035394191742,0.4419804811477661
173151.336412625,0.16281303763389587,0.20772473514080048,0.0863850936293602,0.4070183336734772,0.33632826805114746,0.6933538317680359,-0.4903874397277832,0.44314897060394287
173151.353088208,0.1626451164484024,0.20795771479606628,0.08651500940322876,0.40701746940612793,0.3360300064086914,0.6932412385940552,-0.4907516837120056,0.44413477182388306
173151.369764083,0.16250549256801605,0.20828820765018463,0.08669540286064148,0.4067847728729248,0.3357589542865753,0.6931435465812683,-0.49126777052879333,0.4449973404407501
173151.386439833,0.16242098808288574,0.20871998369693756,0.08694639056921005,0.40639233589172363,0.33536142110824585,0.6931476593017578,-0.49185800552368164,0.4457879066467285
173151.403115791,0.16242347657680511,0.2092258632183075,0.08728756755590439,0.40611812472343445,0.3341144919395447,0.6937264204025269,-0.4921170473098755,0.44654589891433716
173151.419791375,0.16250625252723694,0.20989108085632324,0.0878683403134346,0.40564802289009094,0.33231544494628906,0.6947664618492126,-0.49225562810897827,0.4489423930644989
173151.436467291,0.16258782148361206,0.2105109840631485,0.08839473128318787,0.4049551486968994,0.3301422595977783,0.6960923671722412,-0.49241530895233154,0.4509877562522888
173151.453143041,0.16260793805122375,0.2110673189163208,0.08886232227087021,0.4040760397911072,0.32811933755874634,0.6971744894981384,-0.49295827746391296,0.45273691415786743
173151.469819,0.1625480055809021,0.2115255445241928,0.08921388536691666,0.4031723737716675,0.3276885449886322,0.6971206665039062,-0.4940597116947174,0.45424360036849976
173151.4864945,0.1624538004398346,0.21181826293468475,0.08944259583950043,0.4026951491832733,0.3283650875091553,0.6963844299316406,-0.4950370490550995,0.4555304944515228
